{
  "project_info": {
    "project_number": "483210534252",
    "firebase_url": "https://frintos-70a8c.firebaseio.com",
    "project_id": "frintos-70a8c",
    "storage_bucket": "frintos-70a8c.appspot.com"
  },
  "client": [
    {
      "client_info": {
        "mobilesdk_app_id": "1:483210534252:android:6ab106b9c23c1daaa26749",
        "android_client_info": {
          "package_name": "com.example.frintos"
        }
      },
      "oauth_client": [
        {
          "client_id": "483210534252-dtii1ceh71d12a75m6ovp2rlhoqso14u.apps.googleusercontent.com",
          "client_type": 1,
          "android_info": {
            "package_name": "com.example.frintos",
            "certificate_hash": "5c82e338f19e2a812859329f56f5044446e564d0"
          }
        },
        {
          "client_id": "483210534252-lf88ebo2q7fdrg7a3i9aa14hlr7gl9hg.apps.googleusercontent.com",
          "client_type": 1,
          "android_info": {
            "package_name": "com.example.frintos",
            "certificate_hash": "fbf0c06a97e7d87e5fbc3f2808204b91c09b9820"
          }
        },
        {
          "client_id": "483210534252-6eef88ckasje2asgevh2gsh5goudmvaa.apps.googleusercontent.com",
          "client_type": 3
        }
      ],
      "api_key": [
        {
          "current_key": "AIzaSyA95E7e1ZcYj5_tWUhC3ADTHd77vPKGjdo"
        }
      ],
      "services": {
        "appinvite_service": {
          "other_platform_oauth_client": [
            {
              "client_id": "483210534252-6eef88ckasje2asgevh2gsh5goudmvaa.apps.googleusercontent.com",
              "client_type": 3
            }
          ]
        }
      }
    },
    {
      "client_info": {
        "mobilesdk_app_id": "1:483210534252:android:23e7a0424ab14c95a26749",
        "android_client_info": {
          "package_name": "com.frintos.frintos"
        }
      },
      "oauth_client": [
        {
          "client_id": "483210534252-okis7f9g0ac3qpro22o52n3587coj7gd.apps.googleusercontent.com",
          "client_type": 1,
          "android_info": {
            "package_name": "com.frintos.frintos",
            "certificate_hash": "5c82e338f19e2a812859329f56f5044446e564d0"
          }
        },
        {
          "client_id": "483210534252-6eef88ckasje2asgevh2gsh5goudmvaa.apps.googleusercontent.com",
          "client_type": 3
        }
      ],
      "api_key": [
        {
          "current_key": "AIzaSyA95E7e1ZcYj5_tWUhC3ADTHd77vPKGjdo"
        }
      ],
      "services": {
        "appinvite_service": {
          "other_platform_oauth_client": [
            {
              "client_id": "483210534252-6eef88ckasje2asgevh2gsh5goudmvaa.apps.googleusercontent.com",
              "client_type": 3
            }
          ]
        }
      }
    }
  ],
  "configuration_version": "1"
}